Time (s),A-output,B-output
0.000000,-0.021473,0.027015
0.005000,-0.019256,0.020856
0.010000,-0.018437,0.017516
0.015000,-0.016622,0.013297
0.020000,-0.013092,0.004658
0.025000,-0.012169,-0.002279
0.030000,-0.006783,-0.004859
0.035000,-0.001294,-0.005003
0.040000,0.001646,-0.005881
0.045000,0.004142,-0.003722
0.050000,0.007550,-0.000731
0.055000,0.005960,0.000107
0.060000,0.005680,0.000540
0.065000,0.006674,0.005807
0.070000,0.006756,0.007201
0.075000,0.000196,0.012950
0.080000,0.004397,0.017554
0.085000,0.004414,0.020859
0.090000,0.001170,0.019749
0.095000,-0.004839,0.021010
0.100000,-0.004901,0.022866
0.105000,-0.007382,0.024199
0.110000,-0.007345,0.018714
0.115000,-0.004800,0.014982
0.120000,-0.002659,0.013875
0.125000,-0.004314,0.010652
0.130000,0.002229,0.003413
0.135000,0.008835,-0.001584
0.140000,0.009328,0.003545
0.145000,0.011165,0.012339
0.150000,0.005139,0.013822
0.155000,-0.000567,0.008172
0.160000,-0.004479,0.015646
0.165000,-0.005911,0.020233
0.170000,-0.018267,0.021401
0.175000,-0.021989,0.018379
0.180000,-0.022491,0.014782
0.185000,-0.016506,0.011581
0.190000,-0.014111,0.006726
0.195000,-0.012529,0.006153
0.200000,-0.008606,0.007922
0.205000,-0.007897,0.012529
0.210000,-0.008753,0.012800
0.215000,-0.015345,0.017513
0.220000,-0.014480,0.017185
0.225000,-0.024304,0.011096
0.230000,-0.020199,0.009760
0.235000,-0.011777,0.008459
0.240000,-0.004851,0.003790
0.245000,0.001370,0.002576
0.250000,0.001341,0.012794
0.255000,-0.000026,0.019913
0.260000,-0.012162,0.017163
0.265000,-0.013783,0.009379
0.270000,-0.010603,0.003096
0.275000,0.001308,0.005445
0.280000,0.009742,0.010088
0.285000,0.009091,0.017955
0.290000,0.010625,0.019961
0.295000,-0.000857,0.013413
0.300000,-0.000207,0.009867
0.305000,0.003697,0.006601
0.310000,0.005904,0.012986
0.315000,0.007825,0.023252
0.320000,-0.003124,0.019080
0.325000,-0.000386,0.013263
0.330000,0.003519,0.009897
0.335000,0.006010,0.020802
0.340000,0.010649,0.027319
0.345000,-0.002954,0.013373
0.350000,-0.007668,0.008642
0.355000,-0.003530,0.016114
0.360000,-0.002420,0.024694
0.365000,-0.003802,0.022545
0.370000,-0.015451,0.008688
0.375000,-0.012011,0.016404
0.380000,0.003451,0.030360
0.385000,-0.007278,0.024169
0.390000,-0.012724,0.020413
0.395000,-0.006143,0.021300
0.400000,-0.012517,0.019134
0.405000,-0.008841,0.015028
0.410000,-0.007038,0.007177
0.415000,-0.010103,0.007778
0.420000,-0.001118,0.004001
0.425000,-0.002984,-0.007490
0.430000,-0.001265,-0.008682
0.435000,0.006921,-0.008906
0.440000,-0.000345,-0.017444
0.445000,-0.000655,-0.017746
0.450000,0.007926,-0.012788
0.455000,0.006854,-0.022778
0.460000,0.004157,-0.032729
0.465000,0.014671,-0.025667
0.470000,0.020802,-0.026155
0.475000,0.010753,-0.044879
0.480000,0.018308,-0.048409
0.485000,0.033631,-0.029439
0.490000,0.021112,-0.023826
0.495000,-0.004300,-0.027883
0.500000,-0.008073,-0.022541
0.505000,-0.003460,-0.016965
0.510000,-0.007521,-0.014866
0.515000,-0.006090,-0.013784
0.520000,0.006735,-0.003611
0.525000,0.021207,0.000731
0.530000,0.021198,-0.008199
0.535000,0.023048,-0.011024
0.540000,0.029116,-0.003349
0.545000,0.023329,-0.006380
0.550000,0.015942,-0.018132
0.555000,0.024231,-0.012255
0.560000,0.030429,-0.001629
0.565000,0.021871,-0.000708
0.570000,0.021590,-0.003749
0.575000,0.033710,0.003727
0.580000,0.042692,0.017945
0.585000,0.034173,0.012131
0.590000,0.019941,0.002684
0.595000,0.025463,0.008598
0.600000,0.028300,0.009965
0.605000,0.016198,-0.007790
0.610000,0.009271,-0.021398
0.615000,0.017795,-0.016056
0.620000,0.022790,-0.010274
0.625000,0.014741,-0.017403
0.630000,0.011797,-0.024529
0.635000,0.012187,-0.018245
0.640000,0.007085,-0.015876
0.645000,-0.007356,-0.019582
0.650000,-0.018442,-0.009146
0.655000,-0.021415,0.002041
0.660000,-0.027277,-0.006039
0.665000,-0.023605,-0.011393
0.670000,-0.009414,-0.005065
0.675000,-0.008185,-0.003419
0.680000,-0.014851,-0.007662
0.685000,-0.014817,-0.005727
0.690000,-0.012339,-0.000138
0.695000,-0.016499,-0.004092
0.700000,-0.020507,-0.011144
0.705000,-0.012590,-0.006655
0.710000,-0.007974,-0.010026
0.715000,-0.017370,-0.020008
0.720000,-0.012640,-0.012908
0.725000,-0.001294,-0.001639
0.730000,-0.007806,-0.011778
0.735000,-0.008160,-0.020785
0.740000,0.011429,-0.012479
0.745000,0.017317,-0.019641
0.750000,0.009463,-0.023819
0.755000,0.016886,-0.017507
0.760000,0.014255,-0.017065
0.765000,0.011723,-0.018177
0.770000,0.023625,-0.012925
0.775000,0.033978,-0.004983
0.780000,0.032866,-0.011815
0.785000,0.024459,-0.014522
0.790000,0.029733,-0.008242
0.795000,0.029944,-0.010483
0.800000,0.021090,-0.016917
0.805000,0.018012,-0.012150
0.810000,0.020952,-0.011989
0.815000,0.024563,-0.014514
0.820000,0.028411,-0.004247
0.825000,0.024331,-0.000826
0.830000,0.015006,-0.003566
0.835000,0.014136,-0.002377
0.840000,0.011298,-0.010138
0.845000,-0.002275,-0.023071
0.850000,-0.006260,-0.014089
0.855000,0.000318,-0.008025
0.860000,-0.000794,-0.012686
0.865000,0.005470,-0.002528
0.870000,0.000942,-0.001027
0.875000,-0.020396,-0.005627
0.880000,-0.018037,-0.000699
0.885000,-0.010149,0.002576
0.890000,-0.012984,0.005138
0.895000,-0.013695,-0.002301
0.900000,-0.025024,-0.012000
0.905000,-0.017664,-0.008557
0.910000,-0.004716,-0.010354
0.915000,-0.012355,-0.015863
0.920000,-0.005004,-0.011131
0.925000,-0.001657,-0.010147
0.930000,-0.008411,-0.017873
0.935000,0.000501,-0.014896
0.940000,0.004804,-0.006418
0.945000,-0.000622,-0.006634
0.950000,0.005290,-0.017642
0.955000,0.006766,-0.021832
0.960000,0.004371,-0.006938
0.965000,0.000675,-0.004491
0.970000,-0.008420,-0.009600
0.975000,0.003135,-0.001858
0.980000,0.012334,0.007147
0.985000,0.005589,0.010452
0.990000,0.006892,0.002666
0.995000,0.008438,-0.014151
1.000000,0.014190,-0.022685
1.005000,0.018477,-0.022308
1.010000,0.015008,-0.016391
1.015000,0.018867,-0.009871
1.020000,0.019825,-0.013597
1.025000,0.018632,-0.011033
1.030000,0.018171,-0.000807
1.035000,0.015733,0.002792
1.040000,0.014189,0.003893
1.045000,0.010824,0.003101
1.050000,0.011721,-0.002749
1.055000,0.009748,-0.007046
1.060000,0.005755,-0.008298
1.065000,0.003193,-0.008249
1.070000,-0.000552,-0.004492
1.075000,0.004358,0.007268
1.080000,0.003194,0.015021
1.085000,-0.003633,0.016451
1.090000,-0.001358,0.015004
1.095000,-0.012570,0.001735
1.100000,-0.018152,-0.010238
1.105000,-0.016086,-0.009196
1.110000,-0.016052,0.001368
1.115000,-0.008551,0.006521
1.120000,-0.014251,0.004331
1.125000,-0.018677,-0.004025
1.130000,-0.020296,-0.011279
1.135000,-0.011875,-0.006372
1.140000,-0.002826,0.001843
1.145000,-0.013874,0.007512
1.150000,-0.015445,0.000462
1.155000,-0.016505,-0.011291
1.160000,-0.012065,-0.001706
1.165000,-0.000896,0.009315
1.170000,-0.005026,0.010196
1.175000,0.000243,0.005242
1.180000,0.003766,-0.007675
1.185000,0.005447,-0.017332
1.190000,0.013139,-0.019051
1.195000,0.019265,-0.008264
1.200000,0.020532,-0.001702
1.205000,0.014116,-0.003106
1.210000,0.014662,-0.008371
1.215000,0.011015,-0.019063
1.220000,0.018498,-0.021287
1.225000,0.027013,-0.017798
1.230000,0.022269,-0.012269
1.235000,0.023141,-0.012330
1.240000,0.013006,-0.016113
1.245000,0.012680,-0.015390
1.250000,0.014059,-0.015381
1.255000,0.005962,-0.010056
1.260000,0.009958,-0.001851
1.265000,0.007026,-0.002341
1.270000,0.009693,-0.011820
1.275000,0.010214,-0.014582
1.280000,0.007438,0.004602
1.285000,0.008661,0.016601
1.290000,-0.006652,0.015254
1.295000,-0.008968,0.014153
1.300000,-0.009587,0.004426
1.305000,-0.010879,0.005643
1.310000,-0.004667,0.018337
1.315000,-0.012478,0.020431
1.320000,-0.012573,0.007723
1.325000,-0.011075,-0.001795
1.330000,-0.010222,0.014893
1.335000,-0.006761,0.031748
1.340000,-0.015868,0.027527
1.345000,-0.018179,0.015019
1.350000,-0.021545,-0.000018
1.355000,-0.020974,0.003663
1.360000,-0.013820,0.015927
1.365000,-0.016975,0.011944
1.370000,-0.010207,0.003019
1.375000,-0.004981,0.000613
1.380000,-0.003467,0.012332
1.385000,0.000116,0.018248
1.390000,-0.006256,0.009494
1.395000,-0.000816,0.013821
1.400000,0.003363,0.017776
1.405000,-0.009190,0.014031
1.410000,-0.010234,0.015426
1.415000,-0.009678,0.013248
1.420000,-0.005126,0.022434
1.425000,0.004350,0.023807
1.430000,-0.006606,0.009721
1.435000,0.000302,0.015678
1.440000,0.012906,0.024427
1.445000,-0.000163,0.019821
1.450000,0.002017,0.015632
1.455000,0.003038,0.014688
1.460000,-0.007997,0.018478
1.465000,-0.004681,0.021084
1.470000,-0.005832,0.014724
1.475000,-0.004474,0.017786
1.480000,0.004796,0.017244
1.485000,-0.004613,0.008771
1.490000,-0.001778,0.020234
1.495000,0.006374,0.022738
1.500000,-0.010218,0.012518
1.505000,-0.008829,0.020124
1.510000,-0.001974,0.019003
1.515000,-0.016568,0.008938
1.520000,-0.015202,0.021434
1.525000,-0.011188,0.025856
1.530000,-0.022540,0.015937
1.535000,-0.018771,0.019939
1.540000,-0.012082,0.015624
1.545000,-0.019362,0.005039
1.550000,-0.021327,0.012349
1.555000,-0.022282,0.026331
1.560000,-0.026141,0.032505
1.565000,-0.024370,0.029338
1.570000,-0.016338,0.037791
1.575000,-0.011000,0.039146
1.580000,-0.021034,0.020436
1.585000,-0.016376,0.021917
1.590000,-0.005115,0.024852
1.595000,-0.016106,0.012223
1.600000,-0.014696,0.009938
1.605000,-0.001773,0.020005
1.610000,-0.000769,0.013038
1.615000,-0.007958,-0.003722
1.620000,0.002617,0.000651
1.625000,0.015451,0.004085
1.630000,0.006828,-0.009789
1.635000,0.002693,-0.017490
1.640000,0.011489,-0.010179
1.645000,0.016406,-0.007388
1.650000,0.009224,-0.021403
1.655000,0.002744,-0.029903
1.660000,0.013437,0.006118
1.665000,0.025039,0.050265
1.670000,0.005360,0.070908
1.675000,-0.007151,0.076807
1.680000,0.000817,0.067636
1.685000,0.009949,0.062061
1.690000,0.018577,0.055255
1.695000,0.008123,0.033978
1.700000,-0.003536,0.022401
1.705000,-0.005914,0.023349
1.710000,-0.011108,0.023879
1.715000,-0.017148,0.019789
1.720000,-0.030943,0.014031
1.725000,-0.031671,0.011202
1.730000,-0.015836,0.015425
1.735000,-0.012449,0.017606
1.740000,-0.029561,0.002983
1.745000,-0.038969,-0.004426
1.750000,-0.024503,0.003582
1.755000,-0.017862,0.012068
1.760000,-0.032952,0.014389
1.765000,-0.050644,0.007050
1.770000,-0.046909,0.007671
1.775000,-0.032724,0.007480
1.780000,-0.035405,-0.004442
1.785000,-0.040371,-0.008743
1.790000,-0.032108,0.001568
1.795000,-0.018383,0.012407
1.800000,-0.017734,0.019732
1.805000,-0.025593,0.024948
1.810000,-0.027338,0.028446
1.815000,-0.016774,0.033517
1.820000,-0.006867,0.034321
1.825000,-0.005687,0.029678
1.830000,-0.001356,0.028426
1.835000,0.009477,0.038983
1.840000,0.014713,0.034514
1.845000,0.006068,0.011033
1.850000,0.011078,0.009008
1.855000,0.023067,0.018841
1.860000,0.016685,0.008310
1.865000,0.013186,-0.010443
1.870000,0.021977,-0.007801
1.875000,0.032185,0.005237
1.880000,0.025028,0.004551
1.885000,0.019365,-0.001222
1.890000,0.024592,0.009176
1.895000,0.020636,0.016536
1.900000,0.005569,0.011348
1.905000,0.002291,0.004267
1.910000,0.008776,0.000870
1.915000,0.002992,-0.010872
1.920000,-0.000307,-0.020802
1.925000,0.010374,-0.000967
1.930000,0.004853,0.002175
1.935000,-0.018521,-0.014458
1.940000,-0.012874,-0.004748
1.945000,-0.007013,0.004809
1.950000,-0.021550,-0.010474
1.955000,-0.018476,-0.010040
1.960000,-0.006530,-0.007063
1.965000,-0.017939,-0.019953
1.970000,-0.024366,-0.004859
1.975000,-0.015803,0.012868
1.980000,-0.027018,0.002225
1.985000,-0.028946,-0.012502
1.990000,-0.021237,-0.013890
1.995000,-0.024547,-0.021467
2.000000,-0.018911,-0.021845
2.005000,-0.010294,-0.018777
2.010000,-0.020591,-0.008001
2.015000,-0.015525,0.018994
2.020000,-0.014152,0.018497
2.025000,-0.023714,0.001001
2.030000,-0.001097,0.000272
2.035000,0.001844,-0.003832
2.040000,-0.008886,-0.012196
2.045000,0.008657,-0.008486
2.050000,0.006160,-0.011787
2.055000,0.001929,-0.014678
2.060000,0.017799,-0.009982
2.065000,0.009336,-0.012457
2.070000,0.010939,-0.014604
2.075000,0.020762,-0.014494
2.080000,0.017932,-0.009167
2.085000,0.025933,0.006996
2.090000,0.014449,0.007702
2.095000,0.004651,-0.005583
2.100000,0.020174,-0.009532
2.105000,0.018174,-0.006851
2.110000,0.015640,0.013358
2.115000,0.013002,0.018954
2.120000,-0.004034,0.006925
2.125000,0.009121,0.012050
2.130000,0.013786,0.008949
2.135000,0.001932,0.014992
2.140000,0.000540,0.024371
2.145000,-0.011333,0.018738
2.150000,0.003187,0.024341
2.155000,0.003795,0.028228
2.160000,-0.017232,0.025591
2.165000,-0.016382,0.017210
2.170000,-0.012283,0.012783
2.175000,-0.001080,0.024823
2.180000,-0.014167,0.027107
2.185000,-0.027372,0.027687
2.190000,-0.027143,0.020058
2.195000,-0.030737,0.012782
2.200000,-0.020351,0.002587
2.205000,-0.029703,-0.014290
2.210000,-0.020191,-0.008649
2.215000,-0.010835,-0.010189
2.220000,-0.021229,-0.004865
2.225000,-0.012979,0.002308
2.230000,-0.020711,0.000780
2.235000,-0.022545,-0.001077
2.240000,-0.017851,-0.008159
2.245000,-0.010912,-0.012218
2.250000,-0.010619,-0.013893
2.255000,-0.005728,-0.009832
2.260000,-0.001133,-0.006510
2.265000,0.001122,-0.000511
2.270000,0.009802,0.001528
2.275000,-0.004992,-0.002362
2.280000,-0.000388,-0.001730
2.285000,0.010290,-0.009544
2.290000,0.018099,-0.024780
2.295000,0.023600,-0.027448
2.300000,0.022036,-0.018583
2.305000,0.020736,-0.005102
2.310000,0.023590,0.003739
2.315000,0.018507,0.004770
2.320000,0.004847,0.009407
2.325000,0.006097,0.011647
2.330000,0.000248,0.009522
2.335000,0.003411,0.006514
2.340000,0.007093,0.006827
2.345000,0.007932,0.003760
2.350000,0.005212,0.001769
2.355000,0.007327,-0.005236
2.360000,0.004584,-0.012708
2.365000,0.004843,-0.014182
2.370000,0.006655,-0.012982
2.375000,0.001251,-0.005517
2.380000,0.008132,-0.001486
2.385000,0.000268,0.005238
2.390000,-0.011441,0.006740
2.395000,-0.017032,0.009951
2.400000,-0.016070,0.007615
2.405000,-0.023773,0.003253
2.410000,-0.020101,0.003430
2.415000,-0.020555,0.002849
2.420000,-0.016730,-0.004898
2.425000,-0.007845,-0.007251
2.430000,-0.007055,-0.008713
2.435000,-0.008100,-0.007084
2.440000,-0.005566,-0.004616
2.445000,-0.011035,-0.009109
2.450000,-0.010237,-0.004030
2.455000,0.001705,0.001550
2.460000,-0.004055,-0.004675
2.465000,-0.004962,-0.005566
2.470000,0.002162,0.006132
2.475000,0.005656,0.006980
2.480000,-0.003261,0.008547
2.485000,-0.008061,0.012581
2.490000,-0.013639,0.013460
2.495000,-0.007614,0.012180
2.519963,-0.003428,0.013252
2.524963,-0.002036,0.005215
2.529963,0.000041,0.000732
2.534963,0.006896,0.000293
2.539963,0.010508,-0.002574
2.544963,0.013591,-0.001408
2.549963,0.016286,-0.000910
2.554963,0.012190,0.003556
2.559963,0.014074,0.006737
2.564963,0.010908,0.010324
2.569963,0.007742,0.010984
2.574963,0.000972,0.015948
2.579963,-0.002904,0.019694
2.584963,-0.008131,0.019401
2.589963,-0.002208,0.009552
2.594963,-0.001108,0.001055
2.599963,-0.000552,0.001934
2.604963,-0.001880,0.000805
2.609963,-0.001749,-0.006244
2.614963,0.000681,-0.009219
2.619963,0.001462,-0.000133
2.624963,0.003268,0.006843
2.629963,-0.004366,0.014752
2.634963,-0.006532,0.019833
2.639963,-0.012702,0.017861
2.644963,-0.011107,0.012624
2.649963,-0.013577,0.003137
2.654963,-0.015188,-0.004878
2.659963,-0.012672,-0.007285
2.664963,-0.008635,-0.003092
2.669963,-0.008160,0.003397
2.674963,-0.015021,0.013359
2.679963,-0.014033,0.015799
2.684963,-0.022743,0.009996
2.689963,-0.017756,0.005439
2.694963,-0.009790,0.001016
2.699963,-0.001889,-0.004083
2.704963,0.002670,-0.005003
2.709963,-0.002709,0.005472
2.714963,-0.004259,0.011723
2.719963,-0.012811,0.006650
2.724963,-0.011926,0.000046
2.729963,-0.008476,-0.003600
2.734963,0.002392,0.004814
2.739963,0.010453,0.013278
2.744963,0.003872,0.015793
2.749963,0.006003,0.009408
2.754963,0.000443,-0.003282
2.759963,0.006362,-0.000824
2.764963,0.016896,0.009528
2.769963,0.011970,0.016428
2.774963,0.006955,0.016599
2.779963,-0.000775,0.008505
2.784963,0.008092,0.015470
2.789963,0.018721,0.023823
2.794963,0.011140,0.020980
2.799963,0.010025,0.008703
2.804963,0.002979,-0.006442
2.809963,0.003074,0.005405
2.814963,0.012478,0.018988
2.819963,-0.000377,0.007547
2.824963,-0.008333,0.006910
2.829963,-0.001287,0.017580
2.834963,-0.002480,0.025096
2.839963,-0.003312,0.026132
2.844963,-0.011874,0.020039
2.849963,-0.014921,0.023643
2.854963,-0.005388,0.026817
2.859963,-0.017356,0.012874
2.864963,-0.020299,0.005634
2.869963,-0.007044,0.002545
2.874963,-0.013431,-0.006570
2.879963,-0.008138,-0.004402
2.884963,0.003543,-0.003632
2.889963,-0.004142,-0.015163
2.894963,-0.002385,-0.014430
2.899963,0.003779,-0.011196
2.904963,-0.000679,-0.019121
2.909963,0.005656,-0.013670
2.914963,0.016352,-0.006785
2.919963,0.013702,-0.019619
2.924963,0.009000,-0.027862
2.929963,0.016386,-0.018922
2.934963,0.020095,-0.009454
2.939963,0.007042,-0.009299
2.944963,0.001554,-0.010274
2.949963,0.004024,-0.006202
2.954963,-0.000086,-0.014368
2.959963,-0.009447,-0.018965
2.964963,-0.005193,-0.008719
2.969963,-0.002583,0.002435
2.974963,-0.011429,0.001758
2.979963,-0.007612,0.001015
2.984963,0.013568,0.009350
2.989963,0.029030,0.006399
2.994963,0.024503,-0.006403
2.999963,0.021642,-0.010848
3.004963,0.032517,-0.002727
3.009963,0.036526,0.001851
3.014963,0.023785,-0.002735
3.019963,0.017767,-0.005970
3.024963,0.028005,0.002287
3.029963,0.037744,-0.000644
3.034963,0.033139,-0.018729
3.039963,0.034033,-0.023621
3.044963,0.043391,-0.012065
3.049963,0.039106,-0.010316
3.054963,0.024985,-0.017590
3.059963,0.023936,-0.016830
3.064963,0.025026,-0.007314
3.069963,0.018937,-0.012006
3.074963,0.010415,-0.023373
3.079963,0.007342,-0.017422
3.084963,0.011391,-0.006845
3.089963,0.008603,-0.005601
3.094963,-0.000793,-0.010666
3.099963,-0.000214,-0.002890
3.104963,0.004240,0.005680
3.109963,-0.005674,-0.005371
3.114963,-0.012824,-0.013034
3.119963,-0.009396,-0.001844
3.124963,-0.010320,-0.006453
3.129963,-0.024388,-0.016386
3.134963,-0.022668,-0.014381
3.139963,-0.012271,-0.009442
3.144963,-0.012780,-0.012305
3.149963,-0.023219,-0.014877
3.154963,-0.024761,-0.006164
3.159963,-0.015431,0.003233
3.164963,-0.016291,0.002796
3.169963,-0.018460,-0.006438
3.174963,-0.008284,0.000205
3.179963,0.011342,-0.004325
3.184963,0.005445,-0.019753
3.189963,-0.000131,-0.021257
3.194963,0.006201,-0.021593
3.199963,0.000627,-0.028361
3.204963,0.004485,-0.019761
3.209963,0.018857,-0.008383
3.214963,0.016763,-0.015359
3.219963,0.011474,-0.025382
3.224963,0.023098,-0.025099
3.229963,0.033250,-0.025118
3.234963,0.032381,-0.030557
3.239963,0.029244,-0.022082
3.244963,0.030575,-0.015248
3.249963,0.027168,-0.011385
3.254963,0.022894,-0.010505
3.259963,0.021067,-0.011269
3.264963,0.021556,-0.014221
3.269963,0.031372,-0.018200
3.274963,0.038925,-0.012349
3.279963,0.032867,-0.013484
3.284963,0.020573,-0.018120
3.289963,0.012618,-0.013455
3.294963,0.006668,-0.013828
3.299963,-0.004254,-0.025616
3.304963,-0.003264,-0.018981
3.309963,0.011536,-0.014622
3.314963,0.009053,-0.024093
3.319963,0.005608,-0.018068
3.324963,-0.000693,-0.015818
3.329963,-0.019360,-0.015579
3.334963,-0.015091,-0.010369
3.339963,-0.007687,-0.012292
3.344963,-0.013388,-0.017007
3.349963,-0.013466,-0.014877
3.354963,-0.016587,-0.008255
3.359963,-0.015913,-0.006497
3.364963,-0.009926,-0.008959
3.369963,-0.013016,-0.013504
3.374963,-0.011154,-0.013481
3.379963,-0.005792,-0.006628
3.384963,-0.008809,-0.007815
3.389963,-0.006722,0.000203
3.394963,-0.004204,0.005057
3.399963,-0.017679,-0.007111
3.404963,-0.013163,-0.010069
3.409963,0.001917,-0.013277
3.414963,-0.001910,-0.018398
3.419963,0.000111,-0.030497
3.424963,0.004520,-0.038406
3.429963,0.014591,-0.031336
3.434963,0.021142,-0.035457
3.439963,0.010656,-0.042037
3.444963,0.015770,-0.028761
3.449963,0.026310,-0.019059
3.454963,0.025553,-0.015896
3.459963,0.029825,-0.017254
3.464963,0.017281,-0.022934
3.469963,0.010740,-0.022209
3.474963,0.017492,-0.031811
3.479963,0.014477,-0.035141
3.484963,0.024078,-0.029050
3.489963,0.016592,-0.023418
3.494963,0.011722,-0.010309
3.499963,0.025668,-0.009940
3.504963,0.016997,-0.017832
3.509963,0.012890,-0.010873
3.514963,0.012254,-0.003068
3.519963,0.009164,0.000715
3.524963,0.017017,-0.006467
3.529963,0.013780,-0.025665
3.534963,0.016430,-0.034439
3.539963,0.021213,-0.029028
3.544963,0.009969,-0.012646
3.549963,-0.000924,-0.005149
3.554963,-0.016715,-0.010502
3.559963,-0.018769,-0.013723
3.564963,-0.010701,-0.017191
3.569963,-0.005199,-0.010615
3.574963,0.002387,-0.005918
3.579963,-0.003755,-0.009987
3.584963,0.000506,-0.012944
3.589963,0.001242,-0.016009
3.594963,-0.009646,-0.007583
3.599963,-0.009511,-0.000799
3.604963,-0.014603,-0.002713
3.609963,-0.013917,-0.005345
3.614963,-0.008064,-0.013624
3.619963,-0.001210,-0.017631
3.624963,0.007714,-0.014631
3.629963,0.007492,-0.013245
3.634963,0.005627,-0.019898
3.639963,0.002494,-0.026675
3.644963,0.008024,-0.017659
3.649963,0.011058,-0.005448
3.654963,0.011774,0.000912
3.659963,0.015116,-0.001915
3.664963,0.003604,-0.017343
3.669963,0.008826,-0.030873
3.674963,0.019450,-0.031796
3.679963,0.018301,-0.023282
3.684963,0.022081,-0.020239
3.689963,0.018593,-0.020762
3.694963,0.019075,-0.017164
3.699963,0.009897,-0.016012
3.704963,0.001678,-0.008616
3.709963,0.013474,0.001628
3.714963,0.014528,0.000111
3.719963,0.018750,-0.007609
3.724963,0.017497,-0.009763
3.729963,0.012218,0.003953
3.734963,0.013523,0.012533
3.739963,-0.000957,0.007105
3.744963,-0.004685,0.000456
3.749963,-0.004428,-0.004887
3.754963,-0.004556,0.005439
3.759963,0.003419,0.016746
3.764963,-0.004634,0.012171
3.769963,-0.007742,0.001930
3.774963,-0.006040,-0.007235
3.779963,-0.003910,0.003137
3.784963,0.003552,0.011119
3.789963,-0.010357,-0.002487
3.794963,-0.016384,-0.003845
3.799963,-0.007537,0.003408
3.804963,-0.009958,0.008445
3.809963,-0.013482,0.007795
3.814963,-0.018692,0.001196
3.819963,-0.013279,0.005828
3.824963,-0.005643,0.005627
3.829963,-0.010470,0.002929
3.834963,-0.005563,0.005346
3.839963,-0.007003,0.006431
3.844963,-0.011441,0.017118
3.849963,-0.006851,0.012481
3.854963,-0.015417,-0.001555
3.859963,-0.011888,0.013324
3.864963,-0.003823,0.022567
3.869963,-0.008975,0.013937
3.874963,0.001459,0.016263
3.879963,-0.000450,0.019926
3.884963,-0.008136,0.022472
3.889963,0.000273,0.023354
3.894963,-0.007001,0.018495
3.899963,-0.005507,0.023743
3.904963,0.004074,0.026983
3.909963,-0.007052,0.016023
3.914963,-0.002637,0.020682
3.919963,0.005676,0.029966
3.924963,-0.001779,0.023587
3.929963,0.004955,0.030446
3.934963,0.003386,0.029584
3.939963,-0.011198,0.014042
3.944963,-0.001520,0.020913
3.949963,0.002105,0.028592
3.954963,-0.014457,0.021858
3.959963,-0.008694,0.026302
3.964963,-0.002681,0.025346
3.969963,-0.016545,0.013487
3.974963,-0.013940,0.023150
3.979963,-0.009236,0.032437
3.984963,-0.021890,0.026660
3.989963,-0.019814,0.029463
3.994963,-0.014464,0.031376
3.999963,-0.025829,0.025740
4.004963,-0.026205,0.029956
4.009963,-0.018677,0.038556
4.014963,-0.022014,0.035243
4.019963,-0.025736,0.025725
4.024963,-0.017252,0.033158
4.029963,-0.008329,0.028434
4.034963,-0.021128,0.004029
4.039963,-0.021597,0.006677
4.044963,-0.004557,0.015780
4.049963,-0.008081,0.001537
4.054963,-0.008945,-0.005522
4.059963,0.004932,0.005357
4.064963,0.008643,-0.001747
4.069963,-0.001604,-0.020364
4.074963,0.002493,-0.015703
4.079963,0.016334,-0.004759
4.084963,0.013254,-0.013576
4.089963,0.004596,-0.021230
4.094963,0.010093,-0.012184
4.099963,0.020139,-0.002893
4.104963,0.014889,-0.011713
4.109963,0.006983,-0.038680
4.114963,0.015749,-0.042779
4.119963,0.031851,-0.022848
4.124963,0.034932,-0.003490
4.129963,0.021834,0.007900
4.134963,0.006539,0.004950
4.139963,0.015542,0.010753
4.144963,0.029200,0.017661
4.149963,0.011227,0.004645
4.154963,-0.013908,-0.005908
4.159963,-0.024048,0.007660
4.164963,-0.014338,0.016553
4.169963,-0.010890,0.015453
4.174963,-0.022903,0.003003
4.179963,-0.030508,-0.004909
4.184963,-0.019156,-0.003280
4.189963,-0.005418,0.003038
4.194963,-0.009333,0.006121
4.199963,-0.034601,0.002279
4.204963,-0.043513,0.000326
4.209963,-0.028504,0.009017
4.214963,-0.025036,0.010958
4.219963,-0.038791,-0.003197
4.224963,-0.039765,-0.002195
4.229963,-0.023077,0.013249
4.234963,-0.016728,0.018342
4.239963,-0.029556,-0.003743
4.244963,-0.034991,-0.010077
4.249963,-0.016430,0.013712
4.254963,-0.013744,0.020008
4.259963,-0.024187,0.007993
4.264963,-0.017986,0.016911
4.269963,-0.002169,0.033441
4.274963,-0.002024,0.025233
4.279963,-0.004818,0.007274
4.284963,0.004644,0.001710
4.289963,0.016418,0.006388
4.294963,0.018762,0.003567
4.299963,0.010870,-0.011577
4.304963,0.013207,-0.011996
4.309963,0.022361,-0.005324
4.314963,0.018122,-0.009793
4.319963,0.018270,-0.004024
4.324963,0.027310,0.007046
4.329963,0.023761,0.000503
4.334963,0.013939,-0.016857
4.339963,0.020136,-0.007464
4.344963,0.028420,0.011201
4.349963,0.011800,0.000077
4.354963,0.001125,-0.013690
4.359963,0.012510,0.001997
4.364963,0.019455,0.004765
4.369963,0.007596,-0.002734
4.374963,0.012985,0.013693
4.379963,0.013507,0.008008
4.384963,-0.007839,-0.017397
4.389963,-0.005956,-0.008423
4.394963,-0.002493,0.013016
4.399963,-0.016835,0.005574
4.404963,-0.022395,0.003291
4.409963,-0.012742,0.012942
4.414963,-0.021927,0.005890
4.419963,-0.031327,0.005660
4.424963,-0.021106,0.013940
4.429963,-0.028916,0.006384
4.434963,-0.031577,-0.005072
4.439963,-0.017894,0.007307
4.444963,-0.020812,0.002991
4.449963,-0.025681,-0.007443
4.454963,-0.011135,0.003312
4.459963,-0.015270,0.015641
4.464963,-0.019120,0.029106
4.469963,-0.015969,0.022097
4.474963,-0.023207,0.000135
4.479963,-0.006465,-0.001162
4.484963,0.002455,-0.001894
4.489963,-0.007242,-0.014239
4.494963,0.006561,-0.003915
4.499963,0.013293,0.001032
4.504963,0.005810,-0.007069
4.509963,0.015311,-0.004798
4.514963,0.007476,-0.008373
4.519963,0.006992,-0.020238
4.524963,0.021840,-0.020806
4.529963,0.019312,-0.011405
4.534963,0.020813,0.003591
4.539963,0.017291,0.008012
4.544963,0.011951,-0.004086
4.549963,0.022936,-0.009399
4.554963,0.021058,-0.007359
4.559963,0.017690,0.004002
4.564963,0.013557,0.001211
4.569963,-0.000112,-0.005316
4.574963,0.015847,0.007507
4.579963,0.015124,0.010270
4.584963,0.000579,0.017368
4.589963,0.003132,0.021926
4.594963,-0.003391,0.009881
4.599963,0.008514,0.004310
4.604963,0.005196,-0.000320
4.609963,-0.008191,0.001292
4.614963,-0.007367,0.001228
4.619963,-0.014082,0.003160
4.624963,-0.007081,0.016697
4.629963,-0.015658,0.026020
4.634963,-0.019881,0.030070
4.639963,-0.019300,0.022457
4.644963,-0.022502,0.020355
4.649963,-0.014915,0.014702
4.654963,-0.031793,0.002930
4.659963,-0.026492,0.000641
4.664963,-0.017866,0.000316
4.669963,-0.018035,0.007506
4.674963,-0.013298,0.018081
4.679963,-0.021857,0.024889
4.684963,-0.026274,0.028629
4.689963,-0.025192,0.030622
4.694963,-0.020102,0.025966
4.699963,-0.027621,0.019933
4.704963,-0.016598,0.008374
4.709963,-0.007911,-0.002393
4.714963,0.001363,-0.002954
4.719963,0.006955,0.004031
4.724963,-0.005951,0.005405
4.729963,-0.002798,0.001452
4.734963,0.002968,0.004969
4.739963,0.013889,0.000173
4.744963,0.012607,-0.000812
4.749963,0.009327,-0.004606
4.754963,0.007530,-0.010586
4.759963,0.023012,-0.011082
4.764963,0.028336,-0.012494
4.769963,0.019072,-0.001524
4.774963,0.018350,0.005838
4.779963,0.012963,0.000836
4.784963,0.017407,-0.001643
4.789963,0.018580,0.003766
4.794963,0.011285,0.008519
4.799963,0.003234,0.011269
4.804963,0.004189,0.011389
4.809963,-0.002298,0.011963
4.814963,-0.000341,0.010213
4.819963,-0.004572,0.002067
4.824963,-0.009987,-0.003660
4.829963,-0.000805,0.000904
4.834963,0.001681,0.004902
4.839963,-0.005633,0.006574
4.844963,-0.007848,0.013517
4.849963,-0.008465,0.015383
4.854963,-0.021816,0.014962
4.859963,-0.021238,0.014465
4.864963,-0.023699,0.017698
4.869963,-0.027947,0.012825
4.874963,-0.029181,0.009226
4.879963,-0.021568,0.013739
4.884963,-0.022083,0.016804
4.889963,-0.022510,0.011562
4.894963,-0.018522,0.006352
4.899963,-0.011179,0.001806
4.904963,-0.010449,-0.001227
4.909963,-0.011854,-0.011394
4.914963,-0.005334,-0.018159
4.919963,0.003419,-0.010908
4.924963,0.005164,-0.008655
4.929963,0.002364,-0.004070
4.934963,0.007536,0.002848
4.939963,-0.000230,0.006509
4.944963,0.001324,0.005211
4.949963,0.005886,0.007655
4.954963,0.002629,0.001792
4.959963,-0.001941,0.001477
4.964963,0.010326,0.004500
4.969963,0.014803,-0.000798
4.974963,0.016427,0.001989
4.979963,0.018941,0.004409
4.984963,0.017750,0.002632
4.989963,0.019626,0.007063
4.994963,0.019774,0.004276
4.999963,0.014702,-0.000165
5.004963,0.004484,0.006112
5.009963,-0.000669,0.008418
5.014963,-0.006122,0.013558
5.022539,0.000694,0.013545
5.027539,-0.003108,0.012285
5.032539,-0.003932,0.014999
5.037539,-0.002619,0.013676
5.042539,0.003609,0.005308
5.047539,0.006908,0.000158
5.052539,0.004003,0.003690
5.057539,-0.000241,0.003715
5.062539,-0.009700,0.004578
5.067539,-0.007391,0.006017
5.072539,-0.012705,0.007804
5.077539,-0.015718,0.005846
5.082539,-0.019776,0.000947
5.087539,-0.020029,-0.004251
5.092539,-0.019488,-0.006940
5.097539,-0.012924,-0.000619
5.102539,-0.009790,0.005581
5.107539,-0.019451,0.011121
5.112539,-0.019863,0.010093
5.117539,-0.023542,0.003075
5.122539,-0.016548,0.002271
5.127539,-0.014159,0.002001
5.132539,-0.009788,0.004208
5.137539,-0.002951,0.009738
5.142539,-0.010696,0.015176
5.147539,-0.012867,0.017146
5.152539,-0.015287,0.007993
5.157539,-0.009540,0.001209
5.162539,-0.002726,0.000506
5.167539,0.006169,0.010037
5.172539,0.014345,0.016162
5.177539,0.006430,0.011135
5.182539,0.010945,0.002475
5.187539,0.013980,-0.002885
5.192539,0.019788,0.011282
5.197539,0.022342,0.024181
5.202539,0.007775,0.016234
5.207539,0.007087,0.009967
5.212539,0.006297,0.008856
5.217539,0.008085,0.017127
5.222539,0.016137,0.019676
5.227539,0.004203,0.006982
5.232539,0.004094,0.005998
5.237539,0.012357,0.012809
5.242539,0.008432,0.013943
5.247539,0.007085,0.008144
5.252539,-0.000482,0.001116
5.257539,0.000016,0.013534
5.262539,0.008830,0.021371
5.267539,-0.004663,0.008004
5.272539,-0.008553,0.009641
5.277539,-0.000630,0.017015
5.282539,-0.011264,0.012296
5.287539,-0.011968,0.017652
5.292539,-0.008510,0.018818
5.297539,-0.016592,0.012507
5.302539,-0.010197,0.014404
5.307539,-0.007648,0.011460
5.312539,-0.012468,0.005838
5.317539,-0.001718,0.008065
5.322539,-0.000565,-0.000115
5.327539,-0.010829,-0.012266
5.332539,-0.003023,-0.010928
5.337539,0.004403,-0.016344
5.342539,-0.004795,-0.028766
5.347539,0.001732,-0.021564
5.352539,0.013597,-0.015092
5.357539,0.003631,-0.027408
5.362539,0.003862,-0.029431
5.367539,0.016652,-0.023135
5.372539,0.012981,-0.026624
5.377539,-0.002897,-0.030878
5.382539,-0.002727,-0.015385
5.387539,0.007301,0.002748
5.392539,-0.005482,-0.006459
5.397539,-0.016706,-0.018717
5.402539,-0.005811,-0.014799
5.407539,0.007193,-0.010798
5.412539,0.015959,-0.012541
5.417539,0.020248,-0.013942
5.422539,0.029299,-0.006711
5.427539,0.038524,0.005038
5.432539,0.028169,-0.002883
5.437539,0.017873,-0.014984
5.442539,0.027222,-0.004872
5.447539,0.036490,0.002291
5.452539,0.027829,0.000367
5.457539,0.025630,-0.002982
5.462539,0.040981,0.002113
5.467539,0.054434,0.014950
5.472539,0.045839,0.008768
5.477539,0.028890,-0.003490
5.482539,0.031186,-0.000894
5.487539,0.033470,0.002697
5.492539,0.020712,-0.006606
5.497539,0.009343,-0.013629
5.502539,0.013921,-0.002964
5.507539,0.016892,0.003717
5.512539,0.007974,-0.004643
5.517539,0.003695,-0.014871
5.522539,0.006407,-0.017504
5.527539,0.003251,-0.017074
5.532539,-0.007611,-0.025269
5.537539,-0.017644,-0.033980
5.542539,-0.014192,-0.031105
5.547539,-0.009364,-0.017666
5.552539,-0.016340,-0.016696
5.557539,-0.022119,-0.012791
5.562539,-0.017471,0.000146
5.567539,-0.015977,0.006746
5.572539,-0.021559,0.001366
5.577539,-0.023452,-0.008215
5.582539,-0.016889,-0.005360
5.587539,-0.010712,-0.001613
5.592539,-0.013627,-0.004538
5.597539,-0.014714,-0.011653
5.602539,-0.010543,-0.005725
5.607539,0.000712,-0.005359
5.612539,-0.001376,-0.014036
5.617539,-0.002473,-0.012780
5.622539,0.005536,-0.016911
5.627539,0.001113,-0.032569
5.632539,0.004820,-0.033840
5.637539,0.017703,-0.020025
5.642539,0.012084,-0.017258
5.647539,0.007801,-0.022547
5.652539,0.024052,-0.020159
5.657539,0.036727,-0.019320
5.662539,0.035360,-0.030999
5.667539,0.033414,-0.030114
5.672539,0.039145,-0.018162
5.677539,0.031442,-0.019866
5.682539,0.022546,-0.025654
5.687539,0.031851,-0.011000
5.692539,0.032948,-0.007524
5.697539,0.020386,-0.012269
5.702539,0.024190,0.002779
5.707539,0.025918,-0.001815
5.712539,0.015943,-0.020971
5.717539,0.022169,-0.023104
5.722539,0.030259,-0.016540
5.727539,0.018130,-0.014925
5.732539,0.003649,-0.009243
5.737539,0.002887,-0.001698
5.742539,-0.001526,-0.009812
5.747539,-0.003999,-0.016815
5.752539,0.005272,-0.020172
5.757539,0.003749,-0.029428
5.762539,0.000585,-0.034841
5.767539,-0.000909,-0.031825
5.772539,-0.012041,-0.024648
5.777539,-0.015830,-0.018157
5.782539,-0.015856,-0.017194
5.787539,-0.021272,-0.020368
5.792539,-0.018659,-0.009083
5.797539,-0.009877,-0.002512
5.802539,-0.015987,-0.006031
5.807539,-0.011550,-0.003144
5.812539,0.004143,-0.010762
5.817539,0.000159,-0.020834
5.822539,-0.003452,-0.020058
5.827539,-0.003075,-0.020112
5.832539,-0.001490,-0.021337
5.837539,0.003699,-0.013334
5.842539,0.000158,-0.004590
5.847539,-0.001080,-0.001854
5.852539,0.001095,0.000142
5.857539,0.003564,0.001314
5.862539,0.010277,0.004890
5.867539,0.011872,-0.004320
5.872539,0.006730,-0.022664
5.877539,0.010473,-0.024240
5.882539,0.019770,-0.019958
5.887539,0.019882,-0.014520
5.892539,0.021573,-0.013903
5.897539,0.019746,-0.019065
5.902539,0.024692,-0.006790
5.907539,0.031954,0.001491
5.912539,0.022119,-0.008070
5.917539,0.021191,-0.008419
5.922539,0.019647,-0.008984
5.927539,0.010088,-0.012501
5.932539,0.011811,-0.012896
5.937539,0.010758,-0.021732
5.942539,0.010477,-0.027517
5.947539,0.014648,-0.027679
5.952539,0.010461,-0.026182
5.957539,0.008744,-0.033308
5.962539,0.000412,-0.036989
5.967539,0.000032,-0.022169
5.972539,-0.000564,-0.014071
5.977539,-0.013552,-0.012753
5.982539,-0.011090,-0.012984
5.987539,-0.010099,-0.022583
5.992539,-0.004064,-0.022206
5.997539,0.004654,-0.015651
6.002539,0.000855,-0.016342
6.007539,0.008094,-0.017362
6.012539,0.008270,-0.019328
6.017539,-0.003703,-0.010100
6.022539,-0.007017,0.002542
6.027539,-0.013599,0.000367
6.032539,-0.014920,-0.004401
6.037539,-0.011450,-0.011092
6.042539,-0.009794,-0.016100
6.047539,-0.002708,-0.014857
6.052539,0.000762,-0.017086
6.057539,0.002548,-0.028280
6.062539,0.002823,-0.034152
6.067539,0.007618,-0.019836
6.072539,0.003963,-0.006802
6.077539,-0.004258,-0.002918
6.082539,0.002167,-0.005672
6.087539,-0.001285,-0.014429
6.092539,0.003944,-0.013798
6.097539,0.017125,-0.007350
6.102539,0.017134,-0.005472
6.107539,0.024305,-0.010393
6.112539,0.025126,-0.018180
6.117539,0.024960,-0.014257
6.122539,0.026020,-0.007495
6.127539,0.016798,-0.007227
6.132539,0.020246,-0.009077
6.137539,0.020337,-0.012080
6.142539,0.019891,-0.011748
6.147539,0.018912,-0.008560
6.152539,0.010437,-0.007643
6.157539,0.014789,-0.011389
6.162539,0.009178,-0.010927
6.167539,0.004939,0.004697
6.172539,0.008068,0.010211
6.177539,-0.000691,-0.000419
6.182539,0.001023,-0.001767
6.187539,-0.002750,0.003335
6.192539,-0.008116,0.010765
6.197539,0.000217,0.010160
6.202539,-0.005557,0.000161
6.207539,-0.005305,0.001218
6.212539,-0.003985,0.008177
6.217539,-0.014230,0.012889
6.222539,-0.014365,0.005950
6.227539,-0.024035,-0.002402
6.232539,-0.028730,0.010504
6.237539,-0.022260,0.015906
6.242539,-0.030787,0.011519
6.247539,-0.022299,0.018567
6.252539,-0.013158,0.020931
6.257539,-0.021053,0.015739
6.262539,-0.015792,0.015973
6.267539,-0.015197,0.016412
6.272539,-0.015068,0.021387
6.277539,-0.008490,0.021918
6.282539,-0.018788,0.011358
6.287539,-0.013512,0.018575
6.292539,0.001451,0.027498
6.297539,-0.006741,0.018948
6.302539,-0.000081,0.023946
6.307539,0.009689,0.025411
6.312539,0.001773,0.017687
6.317539,0.007601,0.020811
6.322539,0.006537,0.022647
6.327539,-0.001140,0.019368
6.332539,0.007907,0.015652
6.337539,0.006077,0.011304
6.342539,0.002687,0.014454
6.347539,0.011460,0.023282
6.352539,0.005078,0.024815
6.357539,0.002508,0.024639
6.362539,0.009403,0.020528
6.367539,0.000275,0.013129
6.372539,-0.006238,0.012321
6.377539,-0.003341,0.017911
6.382539,-0.004621,0.022677
6.387539,-0.004596,0.023268
6.392539,-0.003017,0.030009
6.397539,-0.006426,0.030405
6.402539,-0.010957,0.021756
6.407539,-0.006646,0.029720
6.412539,-0.003640,0.033413
6.417539,-0.016299,0.022284
6.422539,-0.016388,0.027379
6.427539,-0.012797,0.031777
6.432539,-0.026153,0.021516
6.437539,-0.024231,0.022436
6.442539,-0.015206,0.037339
6.447539,-0.020355,0.040213
6.452539,-0.027415,0.021797
6.457539,-0.020832,0.019211
6.462539,-0.006998,0.013631
6.467539,-0.018975,-0.009510
6.472539,-0.018282,-0.012401
6.477539,0.001477,-0.000528
6.482539,-0.002440,-0.007611
6.487539,-0.008122,-0.019274
6.492539,0.007088,-0.007283
6.497539,0.019230,0.003834
6.502539,0.009745,-0.010700
6.507539,-0.000290,-0.024787
6.512539,0.007214,-0.018164
6.517539,0.014799,-0.009113
6.522539,0.009919,-0.012268
6.527539,0.008757,-0.024495
6.532539,0.024313,-0.021574
6.537539,0.042881,-0.004396
6.542539,0.043930,0.012974
6.547539,0.030547,0.016748
6.552539,0.013797,0.010255
6.557539,0.020851,0.012904
6.562539,0.035311,0.018643
6.567539,0.026794,0.018779
6.572539,-0.001046,0.018084
6.577539,-0.024203,0.016855
6.582539,-0.017403,0.019091
6.587539,-0.004721,0.026718
6.592539,-0.019840,0.024827
6.597539,-0.040357,0.015081
6.602539,-0.033811,0.018114
6.607539,-0.012459,0.023103
6.612539,-0.010995,0.021627
6.617539,-0.033861,0.010489
6.622539,-0.051808,0.007206
6.627539,-0.039525,0.017291
6.632539,-0.022226,0.017023
6.637539,-0.026643,0.014657
6.642539,-0.037903,0.012424
6.647539,-0.040915,0.008628
6.652539,-0.027727,0.008082
6.657539,-0.018372,0.004883
6.662539,-0.027771,-0.003147
6.667539,-0.032263,-0.006593
6.672539,-0.023522,0.001015
6.677539,-0.013805,0.007621
6.682539,-0.016400,-0.008612
6.687539,-0.018454,-0.022100
6.692539,0.002238,-0.007511
6.697539,0.015375,0.001044
6.702539,0.004885,0.000913
6.707539,0.005050,0.009623
6.712539,0.013088,0.019535
6.717539,0.012995,0.012987
6.722539,0.002058,0.002579
6.727539,0.004411,0.002594
6.732539,0.015176,0.010984
6.737539,0.015230,0.003900
6.742539,0.012816,-0.000561
6.747539,0.021053,0.015604
6.752539,0.024175,0.017966
6.757539,0.011329,0.001424
6.762539,0.008816,0.001000
6.767539,0.018364,0.018550
6.772539,0.017316,0.021672
6.777539,0.007307,0.010242
6.782539,0.009341,0.010744
6.787539,0.010320,0.010110
6.792539,0.000416,0.001434
6.797539,0.005785,0.011094
6.802539,0.006618,0.010168
6.807539,-0.015309,-0.007349
6.812539,-0.019325,-0.006814
6.817539,-0.012476,0.005110
6.822539,-0.025508,-0.003212
6.827539,-0.030743,-0.011610
6.832539,-0.017344,0.002082
6.837539,-0.023724,-0.006187
6.842539,-0.035570,-0.005383
6.847539,-0.015563,0.011227
6.852539,-0.022468,-0.007336
6.857539,-0.043714,-0.026485
6.862539,-0.027265,-0.012870
6.867539,-0.020237,-0.017117
6.872539,-0.023903,-0.035900
6.877539,-0.010321,-0.022223
6.882539,-0.013498,-0.018140
6.887539,-0.015590,-0.006307
6.892539,0.004897,0.016647
6.897539,-0.010200,0.006841
6.902539,-0.019003,0.013338
6.907539,-0.000329,0.018628
6.912539,-0.011296,-0.002393
6.917539,-0.001633,0.001665
6.922539,0.013016,0.008194
6.927539,-0.002063,0.004176
6.932539,0.012622,0.012101
6.937539,0.014192,0.003544
6.942539,0.009170,-0.000115
6.947539,0.031991,0.021832
6.952539,0.021720,0.029077
6.957539,0.017787,0.031892
6.962539,0.027565,0.017507
6.967539,0.009524,-0.002118
6.972539,0.018434,0.005965
6.977539,0.020173,0.005875
6.982539,0.011026,-0.002790
6.987539,0.025215,-0.005425
6.992539,0.017075,-0.003416
6.997539,0.016715,0.003250
7.002539,0.012158,0.001069
7.007539,-0.001500,-0.000381
7.012539,0.007112,-0.000942
7.017539,-0.000940,-0.010616
7.022539,-0.002777,-0.002593
7.027539,-0.002521,0.000641
7.032539,-0.010361,0.001300
7.037539,-0.002805,-0.000697
7.042539,-0.012325,0.001350
7.047539,-0.006063,0.014723
7.052539,-0.005630,0.013991
7.057539,-0.010686,0.018361
7.062539,-0.006334,0.014528
7.067539,-0.027417,0.014587
7.072539,-0.025609,0.017729
7.077539,-0.024411,0.010809
7.082539,-0.021855,0.009433
7.087539,-0.012156,0.014894
7.092539,-0.013847,0.025971
7.097539,-0.018109,0.032148
7.102539,-0.022544,0.034643
7.107539,-0.020206,0.026353
7.112539,-0.027961,0.016680
7.117539,-0.009860,0.007280
7.122539,-0.004827,-0.002513
7.127539,-0.002957,-0.007740
7.132539,0.006437,-0.001783
7.137539,-0.003556,0.003056
7.142539,-0.005249,-0.000810
7.147539,-0.000431,0.005426
7.152539,0.013373,0.004768
7.157539,0.008464,0.005345
7.162539,0.006541,0.000775
7.167539,0.006088,-0.005104
7.172539,0.018166,-0.007581
7.177539,0.019528,-0.012633
7.182539,0.012511,-0.004564
7.187539,0.018844,0.003160
7.192539,0.010854,0.001079
7.197539,0.011739,-0.000934
7.202539,0.014674,0.003929
7.207539,0.009267,0.008214
7.212539,0.000509,0.015150
7.217539,0.000701,0.015418
7.222539,-0.006797,0.012453
7.227539,-0.005079,0.009008
7.232539,-0.006474,0.001820
7.237539,-0.007273,-0.000379
7.242539,0.003326,0.003747
7.247539,0.005709,0.004630
7.252539,0.001288,0.005694
7.257539,-0.001582,0.009965
7.262539,-0.004982,0.009782
7.267539,-0.020152,0.011691
7.272539,-0.020300,0.011481
7.277539,-0.022654,0.015491
7.282539,-0.025482,0.011398
7.287539,-0.025577,0.009077
7.292539,-0.017631,0.010242
7.297539,-0.015502,0.010729
7.302539,-0.014467,0.005557
7.307539,-0.016423,-0.002214
7.312539,-0.010656,-0.002536
7.317539,-0.003543,0.000202
7.322539,-0.006383,-0.006962
7.327539,-0.001339,-0.010340
7.332539,0.006406,0.003617
7.337539,0.006847,0.005654
7.342539,0.000055,0.007275
7.347539,0.002778,0.008273
7.352539,-0.006203,0.007438
7.357539,-0.005530,0.004665
7.362539,-0.000649,0.005364
7.367539,0.001318,0.001589
7.372539,-0.002943,-0.000351
7.377539,0.000567,-0.000810
7.382539,0.007510,-0.003124
7.387539,0.013378,0.004281
7.392539,0.013294,0.006562
7.397539,0.005441,0.007937
7.402539,0.009190,0.010524
7.407539,0.005726,0.013992
7.412539,0.001569,0.011910
7.417539,-0.005954,0.012434
7.422539,-0.008073,0.011921
7.427539,-0.012263,0.007717
7.432539,-0.005405,0.000756
7.437539,0.001722,-0.004143
7.442539,0.007763,-0.001025
7.447539,0.010534,0.005456
7.452539,0.005224,0.006109
7.457539,0.001985,0.003716
7.462539,-0.005717,0.014310
7.467539,-0.007791,0.022480
7.472539,-0.016934,0.018868
7.477539,-0.016406,0.010595
7.482539,-0.016325,0.004768
7.487539,-0.009886,0.002497
7.492539,-0.002567,0.004517
7.497539,-0.006707,0.017904
7.502539,-0.009932,0.026656
7.507539,-0.019913,0.025764
7.512539,-0.019780,0.022969
7.517539,-0.022424,0.016491
7.529661,-0.015138,0.006733
7.534661,-0.009813,0.004212
7.539661,-0.006631,0.013758
7.544661,-0.005437,0.018512
7.549661,-0.016303,0.015136
7.554661,-0.014556,0.008843
7.559661,-0.020307,-0.002047
7.564661,-0.012599,-0.002168
7.569661,-0.000321,0.006375
7.574661,-0.002652,0.019281
7.579661,-0.002227,0.020397
7.584661,-0.009130,0.009769
7.589661,-0.003615,0.009653
7.594661,0.002743,0.011859
7.599661,0.004510,0.019044
7.604661,0.005299,0.022356
7.609661,-0.004103,0.010852
7.614661,0.003086,0.011015
7.619661,0.012215,0.019224
7.624661,0.008744,0.023210
7.629661,0.010380,0.012551
7.634661,0.004985,-0.005238
7.639661,0.009289,0.002983
7.644661,0.016025,0.015162
7.649661,0.004476,0.008537
7.654661,0.001854,0.006954
7.659661,0.002700,0.010392
7.664661,0.001475,0.017981
7.669661,0.005673,0.021341
7.674661,-0.006089,0.011252
7.679661,-0.010839,0.014498
7.684661,0.001163,0.020459
7.689661,-0.008161,0.010251
7.694661,-0.011945,0.014755
7.699661,-0.002456,0.020677
7.704661,-0.012902,0.015817
7.709661,-0.011380,0.012509
7.714661,-0.006089,0.007646
7.719661,-0.013189,-0.001529
7.724661,-0.004809,-0.005952
7.729661,0.001127,-0.011647
7.734661,-0.004096,-0.020986
7.739661,0.002251,-0.016389
7.744661,0.005284,-0.015888
7.749661,-0.001776,-0.027993
7.754661,0.004892,-0.025618
7.759661,0.014699,-0.017852
7.764661,0.010943,-0.027524
7.769661,0.006639,-0.029140
7.774661,0.015981,-0.012929
7.779661,0.018957,0.003745
7.784661,0.004382,-0.001327
7.789661,-0.007237,-0.011000
7.794661,-0.005161,-0.000748
7.799661,-0.003749,0.004285
7.804661,-0.013432,-0.005311
7.809661,-0.015387,-0.009720
7.814661,-0.009372,-0.001184
7.819661,-0.006323,-0.001256
7.824661,-0.002998,-0.008027
7.829661,0.008198,-0.005847
7.834661,0.027104,0.009398
7.839661,0.034072,0.015799
7.844661,0.021863,0.003405
7.849661,0.018285,-0.000433
7.854661,0.031293,0.008546
7.859661,0.033215,0.006843
7.864661,0.021113,-0.005402
7.869661,0.024333,-0.008276
7.874661,0.042185,-0.003043
7.879661,0.049043,0.002648
7.884661,0.039041,-0.001517
7.889661,0.028675,-0.003738
7.894661,0.037786,0.005080
7.899661,0.040647,0.004783
7.904661,0.024342,-0.012731
7.909661,0.013957,-0.019864
7.914661,0.019743,-0.010193
7.919661,0.023236,-0.008934
7.924661,0.014905,-0.021200
7.929661,0.012285,-0.030018
7.934661,0.016342,-0.024359
7.939661,0.011292,-0.025129
7.944661,-0.007464,-0.032743
7.949661,-0.018053,-0.024294
7.954661,-0.017729,-0.011077
7.959661,-0.026071,-0.008825
7.964661,-0.029088,-0.010818
7.969661,-0.015418,-0.011271
7.974661,-0.007032,-0.010071
7.979661,-0.010815,-0.019833
7.984661,-0.016711,-0.026967
7.989661,-0.011304,-0.016972
7.994661,-0.012729,-0.015932
7.999661,-0.024614,-0.026300
8.004661,-0.019039,-0.027788
8.009661,-0.003960,-0.022305
8.014661,-0.001559,-0.028475
8.019661,-0.002106,-0.038076
8.024661,0.007647,-0.024035
8.029661,0.008631,-0.008757
8.034661,-0.003815,-0.008505
8.039661,-0.001531,-0.005344
8.044661,0.007597,-0.004555
8.049661,0.006499,-0.013809
8.054661,0.007850,-0.019940
8.059661,0.017352,-0.016117
8.064661,0.025890,-0.014555
8.069661,0.022153,-0.016161
8.074661,0.021851,-0.018875
8.079661,0.027695,-0.008671
8.084661,0.027793,-0.005787
8.089661,0.023950,-0.014043
8.094661,0.035063,-0.007989
8.099661,0.039349,-0.014638
8.104661,0.028647,-0.025237
8.109661,0.039494,-0.023145
8.114661,0.043371,-0.020469
8.119661,0.036575,-0.018359
8.124661,0.033394,-0.012526
8.129661,0.026873,-0.006282
8.134661,0.023865,-0.005758
8.139661,0.008318,-0.014035
8.144661,-0.004188,-0.013301
8.149661,0.001128,-0.011022
8.154661,0.001041,-0.014657
8.159661,0.006141,-0.004243
8.164661,0.005538,-0.002130
8.169661,-0.013509,-0.007166
8.174661,-0.015675,-0.006870
8.179661,-0.007267,-0.012873
8.184661,-0.007746,-0.015328
8.189661,-0.013499,-0.013815
8.194661,-0.027796,-0.009341
8.199661,-0.025002,-0.003525
8.204661,-0.013360,-0.003561
8.209661,-0.016002,-0.006556
8.214661,-0.012857,-0.007141
8.219661,-0.004753,-0.008765
8.224661,-0.004501,-0.014821
8.229661,-0.002827,-0.004581
8.234661,-0.004081,-0.003904
8.239661,-0.019172,-0.017163
8.244661,-0.013535,-0.017973
8.249661,-0.002907,-0.022791
8.254661,-0.008914,-0.030387
8.259661,-0.005045,-0.040636
8.264661,-0.002185,-0.043333
8.269661,0.011006,-0.033167
8.274661,0.022274,-0.038389
8.279661,0.010806,-0.042905
8.284661,0.016619,-0.023986
8.289661,0.026040,-0.015231
8.294661,0.022417,-0.018138
8.299661,0.024284,-0.021762
8.304661,0.012892,-0.026365
8.309661,0.011296,-0.020963
8.314661,0.021688,-0.022524
8.319661,0.018812,-0.023748
8.324661,0.030385,-0.018290
8.329661,0.032182,-0.013164
8.334661,0.027346,-0.007824
8.339661,0.035857,-0.015844
8.344661,0.027247,-0.019908
8.349661,0.017199,-0.008742
8.354661,0.010178,0.000890
8.359661,0.007315,0.003915
8.364661,0.017953,-0.004211
8.369661,0.015471,-0.023110
8.374661,0.017398,-0.026256
8.379661,0.025860,-0.013356
8.384661,0.013405,-0.004824
8.389661,-0.000213,-0.013879
8.394661,-0.018203,-0.023898
8.399661,-0.022106,-0.013109
8.404661,-0.012307,-0.000211
8.409661,-0.013322,0.011631
8.414661,-0.008570,0.010315
8.419661,-0.016450,-0.002712
8.424661,-0.014824,-0.005982
8.429661,-0.005598,-0.005036
8.434661,-0.011600,-0.003068
8.439661,-0.010625,-0.009518
8.444661,-0.018499,-0.018951
8.449661,-0.017786,-0.007986
8.454661,-0.006641,0.001959
8.459661,-0.012834,0.001992
8.464661,-0.006976,-0.001593
8.469661,0.000377,-0.010642
8.474661,0.005065,-0.013763
8.479661,0.013359,-0.010544
8.484661,0.014512,-0.001469
8.489661,0.015093,-0.002704
8.494661,0.006838,-0.012479
8.499661,0.007783,-0.010257
8.504661,0.016528,-0.004243
8.509661,0.021898,0.000852
8.514661,0.025298,0.000286
8.519661,0.019692,-0.007024
8.524661,0.021813,-0.008561
8.529661,0.022032,-0.007235
8.534661,0.021182,-0.002584
8.539661,0.023550,-0.001596
8.544661,0.012595,-0.006356
8.549661,0.012981,-0.006001
8.554661,0.017070,-0.004853
8.559661,0.017030,-0.004259
8.564661,0.016315,-0.005627
8.569661,0.008034,-0.008740
8.574661,0.010195,-0.014009
8.579661,0.006068,-0.012638
8.584661,0.001676,0.001527
8.589661,0.000983,0.003895
8.594661,-0.009496,-0.005841
8.599661,-0.005561,-0.003809
8.604661,-0.003113,0.000612
8.609661,-0.004332,0.004788
8.614661,-0.000407,0.002912
8.619661,-0.010525,-0.006026
8.624661,-0.006079,-0.001855
8.629661,0.001482,0.008295
8.634661,-0.006624,0.015403
8.639661,-0.008141,0.009220
8.644661,-0.020310,-0.002475
8.649661,-0.023009,0.006155
8.654661,-0.016080,0.013359
8.659661,-0.025162,0.011597
8.664661,-0.017968,0.013769
8.669661,-0.013592,0.011485
8.674661,-0.019197,0.014196
8.679661,-0.015132,0.016371
8.684661,-0.020537,0.008536
8.689661,-0.015901,0.011128
8.694661,-0.010740,0.015413
8.699661,-0.019700,0.007029
8.704661,-0.012175,0.005298
8.709661,-0.004804,0.012377
8.714661,-0.006642,0.014556
8.719661,-0.000938,0.006159
8.724661,-0.000669,-0.001347
8.729661,0.002321,0.012139
8.734661,0.007823,0.018104
8.739661,-0.005290,0.011579
8.744661,-0.003068,0.019404
8.749661,0.004355,0.017734
8.754661,-0.007426,0.004690
8.759661,-0.000870,0.013426
8.764661,0.006774,0.018757
8.769661,-0.005555,0.009612
8.774661,0.000387,0.020869
8.779661,0.008184,0.021700
8.784661,-0.004070,0.009202
8.789661,-0.005395,0.019888
8.794661,-0.006038,0.020941
8.799661,-0.017324,0.009278
8.804661,-0.009550,0.017920
8.809661,-0.002991,0.016954
8.814661,-0.016280,0.005626
8.819661,-0.010957,0.016037
8.824661,-0.002965,0.021949
8.829661,-0.016659,0.016550
8.834661,-0.018917,0.020629
8.839661,-0.013615,0.027686
8.844661,-0.022116,0.025557
8.849661,-0.031053,0.017688
8.854661,-0.022191,0.027179
8.859661,-0.010762,0.037257
8.864661,-0.024878,0.029541
8.869661,-0.024396,0.027074
8.874661,-0.010407,0.027975
8.879661,-0.018556,0.008591
8.884661,-0.026320,-0.007314
8.889661,-0.013778,0.007693
8.894661,-0.000946,0.007627
8.899661,-0.009274,-0.010924
8.904661,-0.005611,-0.008452
8.909661,0.008699,0.001739
8.914661,0.008442,-0.008022
8.919661,0.002306,-0.027296
8.924661,0.004127,-0.028166
8.929661,0.014681,-0.016433
8.934661,0.015889,-0.015187
8.939661,0.006890,-0.026891
8.944661,0.008811,-0.035117
8.949661,0.023113,-0.025168
8.954661,0.036772,0.000425
8.959661,0.024098,0.009461
8.964661,-0.003410,0.003485
8.969661,0.003278,0.010761
8.974661,0.027601,0.022527
8.979661,0.025963,0.027478
8.984661,0.002077,0.019074
8.989661,-0.015514,0.011304
8.994661,-0.012125,0.011467
8.999661,-0.002536,0.008852
9.004661,-0.008877,0.001492
9.009661,-0.023642,-0.007588
9.014661,-0.026250,-0.009885
9.019661,-0.013982,-0.003665
9.024661,-0.006407,0.004834
9.029661,-0.017572,0.010706
9.034661,-0.035704,0.013280
9.039661,-0.038564,0.014720
9.044661,-0.029334,0.016005
9.049661,-0.032235,0.009996
9.054661,-0.046170,-0.005356
9.059661,-0.042566,-0.004730
9.064661,-0.021300,0.012954
9.069661,-0.016354,0.018618
9.074661,-0.030913,-0.001141
9.079661,-0.036512,-0.005958
9.084661,-0.016124,0.008359
9.089661,-0.009065,0.007188
9.094661,-0.021028,-0.004069
9.099661,-0.017989,0.001557
9.104661,-0.000764,0.008521
9.109661,0.002952,0.004608
9.114661,-0.000601,-0.005216
9.119661,0.004554,-0.009437
9.124661,0.021535,0.003267
9.129661,0.029544,0.009448
9.134661,0.016613,-0.000378
9.139661,0.012867,0.005652
9.144661,0.020063,0.024966
9.149661,0.012807,0.029900
9.154661,0.006375,0.011366
9.159661,0.015651,-0.003497
9.164661,0.028871,-0.001208
9.169661,0.023876,-0.009299
9.174661,0.014556,-0.013315
9.179661,0.020906,-0.010395
9.184661,0.014130,-0.013032
9.189661,0.007232,-0.013034
9.194661,0.011995,-0.000080
9.199661,0.013935,0.018735
9.204661,0.004268,0.012983
9.209661,-0.011624,-0.000841
9.214661,0.001346,0.015289
9.219661,0.009172,0.027847
9.224661,-0.012999,0.015298
9.229661,-0.015782,0.011690
9.234661,-0.014189,0.023833
9.239661,-0.027869,0.026545
9.244661,-0.028658,0.022593
9.249661,-0.023372,0.025989
9.254661,-0.027139,0.001280
9.259661,-0.027138,-0.003116
9.264661,-0.007804,0.019004
9.269661,-0.015489,0.003707
9.274661,-0.038761,-0.010276
9.279661,-0.028141,-0.000302
9.284661,-0.026353,-0.008662
9.289661,-0.030119,-0.023838
9.294661,-0.014378,-0.012458
9.299661,-0.014491,-0.014762
9.304661,-0.009751,-0.009780
9.309661,0.013057,0.010341
9.314661,-0.002829,0.001127
9.319661,-0.013593,0.002756
9.324661,0.001772,0.006275
9.329661,-0.009593,-0.014401
9.334661,-0.000822,-0.007604
9.339661,0.012645,0.003900
9.344661,-0.001917,0.001426
9.349661,0.014490,0.008745
9.354661,0.015580,-0.001064
9.359661,0.010490,-0.005349
9.364661,0.038813,0.015228
9.369661,0.028197,0.022009
9.374661,0.017251,0.018162
9.379661,0.025738,-0.002022
9.384661,0.012274,-0.018006
9.389661,0.020521,0.004945
9.394661,0.018487,0.014810
9.399661,0.005318,0.007594
9.404661,0.022556,0.006784
9.409661,0.018198,-0.000991
9.414661,0.011257,-0.001707
9.419661,0.008627,-0.002192
9.424661,-0.003765,-0.010572
9.429661,0.003331,-0.012675
9.434661,-0.003275,-0.011545
9.439661,-0.011342,-0.003567
9.444661,-0.015267,-0.001426
9.449661,-0.018398,0.000666
9.454661,-0.000754,0.016831
9.459661,-0.012471,0.025842
9.464661,-0.023689,0.029948
9.469661,-0.028380,0.022518
9.474661,-0.034816,0.016552
9.479661,-0.021902,0.004161
9.484661,-0.034395,-0.012656
9.489661,-0.027099,-0.006725
9.494661,-0.016239,-0.010990
9.499661,-0.024401,-0.007087
9.504661,-0.016961,-0.000735
9.509661,-0.025882,-0.001161
9.514661,-0.025926,-0.002992
9.519661,-0.021267,-0.012316
9.524661,-0.014458,-0.013974
9.529661,-0.012240,-0.007957
9.534661,-0.010826,0.003086
9.539661,-0.010492,0.006429
9.544661,-0.012150,0.004510
9.549661,-0.001112,-0.000606
9.554661,-0.011242,-0.003875
9.559661,-0.004011,0.001667
9.564661,0.008903,0.005706
9.569661,0.018379,0.001430
9.574661,0.023326,-0.003102
9.579661,0.013932,0.003641
9.584661,0.012944,0.009472
9.589661,0.011682,0.010744
9.594661,0.008418,0.007488
9.599661,-0.003376,0.004543
9.604661,0.001610,0.004833
9.609661,0.008391,0.001220
9.614661,0.016792,-0.003749
9.619661,0.017951,-0.004467
9.624661,0.013475,-0.001875
9.629661,0.016496,-0.002318
9.634661,0.012247,0.000226
9.639661,0.008468,0.001761
9.644661,0.003619,0.011968
9.649661,-0.001511,0.014765
9.654661,-0.011826,0.012937
9.659661,-0.002926,0.014493
9.664661,-0.006550,0.003661
9.669661,-0.013006,-0.000666
9.674661,-0.009142,0.001237
9.679661,-0.008227,-0.005687
9.684661,-0.006210,-0.004859
9.689661,-0.003849,0.006253
9.694661,-0.012099,0.018096
9.699661,-0.015060,0.021337
9.704661,-0.012573,0.013108
9.709661,-0.019166,0.018344
9.714661,-0.016140,0.023630
9.719661,-0.021241,0.023007
9.724661,-0.022501,0.022427
9.729661,-0.021384,0.021879
9.734661,-0.018606,0.016439
9.739661,-0.022967,0.009701
9.744661,-0.023048,0.004002
9.749661,-0.017607,-0.001145
9.754661,-0.005950,-0.005356
9.759661,0.001915,-0.006688
9.764661,0.004252,-0.003339
9.769661,0.007684,-0.000717
9.774661,0.009897,0.001689
9.779661,0.011607,0.004644
9.784661,0.006478,0.013231
9.789661,0.006412,0.015482
9.794661,0.001053,0.017075
9.799661,0.002875,0.016135
9.804661,0.004236,0.015577
9.809661,0.008868,0.005219
9.814661,0.005410,-0.002371
9.819661,0.010454,0.000091
9.824661,0.012954,-0.000060
9.829661,0.011936,-0.002893
9.834661,0.014084,-0.000040
9.839661,0.010828,0.014206
9.844661,0.010284,0.022280
9.849661,0.004079,0.023619
9.854661,0.003548,0.020118
9.859661,-0.002642,0.017196
9.864661,-0.003261,0.013035
9.869661,-0.007812,0.008010
9.874661,-0.006137,0.003279
9.879661,-0.002540,-0.001445
9.884661,-0.003029,0.002999
9.889661,-0.000553,0.009207
9.894661,-0.003770,0.010788
9.899661,-0.004131,0.007900
9.904661,-0.013055,0.004338
9.909661,-0.014704,-0.000950
9.914661,-0.015752,-0.004839
9.919661,-0.007590,-0.003815
9.924661,-0.004640,-0.001262
9.929661,-0.011504,0.007143
9.934661,-0.011723,0.014042
9.939661,-0.021881,0.010076
9.944661,-0.015156,0.002508
9.949661,-0.007730,-0.002587
9.954661,-0.004114,0.002650
9.959661,-0.001156,0.008586
9.964661,-0.006850,0.008874
9.969661,-0.006256,0.003135
9.974661,-0.014376,-0.005153
9.979661,-0.008965,-0.004365
9.984661,0.001529,0.000705
9.989661,0.004969,0.011367
9.994661,0.005739,0.016689
9.999661,-0.001732,0.008282
10.004661,0.008101,0.006179
10.009661,0.013812,0.006939
10.014661,0.010996,0.013004
10.019661,0.011975,0.008714
10.024661,-0.001574,-0.007223
10.038793,-0.001299,-0.001222
10.043793,0.008593,0.011995
10.048793,0.009642,0.014015
10.053793,0.012556,0.010596
10.058793,0.004343,0.006184
10.063793,0.004824,0.018347
10.068793,0.013446,0.027056
10.073793,-0.000651,0.012268
10.078793,-0.003429,0.005686
10.083793,0.004911,0.011599
10.088793,0.000235,0.014025
10.093793,0.001707,0.013800
10.098793,0.001081,0.012812
10.103793,-0.002736,0.016183
10.108793,0.002688,0.014311
10.113793,-0.005525,0.006993
10.118793,-0.010978,0.010671
10.123793,-0.004439,0.014156
10.128793,-0.014062,0.005686
10.133793,-0.014275,0.006367
10.138793,-0.002217,0.007106
10.143793,-0.008632,-0.004386
10.148793,-0.006511,-0.006216
10.153793,0.003422,-0.007050
10.158793,-0.002072,-0.021550
10.163793,-0.005827,-0.024781
10.168793,0.001980,-0.016010
10.173793,0.006360,-0.024350
10.178793,0.000105,-0.034264
10.183793,0.006261,-0.024131
10.188793,0.014917,-0.022595
10.193793,0.008304,-0.021032
10.198793,0.012849,-0.004101
10.203793,0.016081,0.009588
10.208793,0.014709,0.008241
10.213793,0.005208,-0.011314
10.218793,-0.008335,-0.023226
10.223793,0.002524,-0.009643
10.228793,0.005770,0.002388
10.233793,-0.004460,-0.000833
10.238793,0.001845,0.001523
10.243793,0.023909,0.014486
10.248793,0.034703,0.010802
10.253793,0.024080,-0.008020
10.258793,0.019924,-0.010203
10.263793,0.032826,-0.001955
10.268793,0.036333,-0.000785
10.273793,0.025100,-0.008173
10.278793,0.017846,-0.010721
10.283793,0.028775,-0.001783
10.288793,0.043295,-0.001561
10.293793,0.039767,-0.015580
10.298793,0.035605,-0.021011
10.303793,0.044069,-0.012114
10.308793,0.044225,-0.008589
10.313793,0.028491,-0.016197
10.318793,0.019156,-0.018617
10.323793,0.021741,-0.013151
10.328793,0.019399,-0.014742
10.333793,0.010849,-0.023388
10.338793,0.009806,-0.022207
10.343793,0.018197,-0.007252
10.348793,0.015810,0.000084
10.353793,-0.002884,-0.002031
10.358793,-0.010142,0.002159
10.363793,-0.008811,0.012142
10.368793,-0.017735,0.006112
10.373793,-0.027797,-0.012471
10.378793,-0.023827,-0.021090
10.383793,-0.013308,-0.020565
10.388793,-0.012844,-0.021473
10.393793,-0.017021,-0.027704
10.398793,-0.016444,-0.022744
10.403793,-0.010457,-0.013557
10.408793,-0.015385,-0.021030
10.413793,-0.023243,-0.031658
10.418793,-0.016608,-0.025903
10.423793,-0.011157,-0.021510
10.428793,-0.016404,-0.022709
10.433793,-0.011727,-0.020240
10.438793,0.000004,-0.012976
10.443793,-0.003151,-0.014884
10.448793,-0.008066,-0.020400
10.453793,0.006360,-0.010399
10.458793,0.017684,-0.005151
10.463793,0.010892,-0.017730
10.468793,0.011237,-0.029679
10.473793,0.020427,-0.022307
10.478793,0.025162,-0.027347
10.483793,0.018973,-0.029689
10.488793,0.024631,-0.016022
10.493793,0.028310,-0.014250
10.498793,0.021100,-0.020197
10.503793,0.026365,-0.027096
10.508793,0.036086,-0.028918
10.513793,0.038579,-0.032981
10.518793,0.030320,-0.038035
10.523793,0.032690,-0.035534
10.528793,0.034107,-0.034033
10.533793,0.027435,-0.031319
10.538793,0.028950,-0.022487
10.543793,0.029499,-0.020982
10.548793,0.031501,-0.017143
10.553793,0.027946,-0.013021
10.558793,0.008673,-0.020793
10.563793,-0.000714,-0.027394
10.568793,0.008039,-0.025251
10.573793,0.006492,-0.018327
10.578793,-0.000937,-0.013865
10.583793,-0.001295,-0.008868
10.588793,0.000073,-0.007552
10.593793,-0.000699,-0.013128
10.598793,-0.003099,-0.013292
10.603793,-0.006191,-0.021534
10.608793,-0.017528,-0.031166
10.613793,-0.017749,-0.025146
10.618793,-0.008805,-0.023282
10.623793,-0.011828,-0.025263
10.628793,-0.009246,-0.019542
10.633793,-0.006048,-0.017123
10.638793,-0.006682,-0.020473
10.643793,-0.002187,-0.006487
10.648793,-0.002870,-0.000248
10.653793,-0.012560,-0.010766
10.658793,-0.007270,-0.011279
10.663793,0.000482,-0.013731
10.668793,-0.005219,-0.016142
10.673793,-0.002546,-0.022342
10.678793,0.000219,-0.025711
10.683793,0.008070,-0.022203
10.688793,0.015235,-0.034586
10.693793,0.009447,-0.043513
10.698793,0.015475,-0.025757
10.703793,0.023534,-0.013180
10.708793,0.023306,-0.011994
10.713793,0.028035,-0.014868
10.718793,0.013599,-0.021123
10.723793,0.006777,-0.020360
10.728793,0.017572,-0.025197
10.733793,0.017892,-0.025872
10.738793,0.029003,-0.021037
10.743793,0.025690,-0.016928
10.748793,0.019468,-0.007376
10.753793,0.026941,-0.009036
10.758793,0.018501,-0.013740
10.763793,0.019265,-0.006158
10.768793,0.016764,0.001178
10.773793,0.004069,0.005959
10.778793,0.011999,0.005442
10.783793,0.013101,-0.008025
10.788793,0.011807,-0.011150
10.793793,0.018811,-0.007194
10.798793,0.006464,-0.009822
10.803793,-0.006360,-0.015194
10.808793,-0.018285,-0.021998
10.813793,-0.021268,-0.014065
10.818793,-0.010587,-0.004097
10.823793,-0.012658,0.005188
10.828793,-0.013167,0.007602
10.833793,-0.017417,-0.002952
10.838793,-0.014735,-0.006363
10.843793,-0.010080,-0.006015
10.848793,-0.017818,-0.005792
10.853793,-0.016300,-0.010752
10.858793,-0.020554,-0.017258
10.863793,-0.016423,-0.006991
10.868793,-0.003955,0.000888
10.873793,-0.009151,0.000371
10.878793,-0.005646,-0.000537
10.883793,0.001512,-0.009368
10.888793,0.007471,-0.011836
10.893793,0.013046,-0.007400
10.898793,0.006737,-0.000129
10.903793,0.007755,0.000609
10.908793,0.003151,-0.010418
10.913793,0.006263,-0.012045
10.918793,0.021152,-0.006325
10.923793,0.024561,0.000467
10.928793,0.023417,0.009237
10.933793,0.016975,0.005224
10.938793,0.015978,-0.000676
10.943793,0.016369,-0.000449
10.948793,0.010947,0.003465
10.953793,0.010450,0.002956
10.958793,0.004704,-0.004633
10.963793,0.004861,-0.001284
10.968793,0.010665,0.004377
10.973793,0.009829,0.003831
10.978793,0.010521,0.000495
10.983793,0.005923,-0.011062
10.988793,0.009922,-0.013606
10.993793,0.011237,-0.003424
10.998793,0.000834,0.006193
11.003793,-0.002047,0.004958
11.008793,-0.007964,-0.004576
11.013793,-0.002970,0.002307
11.018793,0.000886,0.013334
11.023793,-0.007091,0.015278
11.028793,-0.007524,0.014312
11.033793,-0.012148,0.012393
11.038793,-0.008576,0.022619
11.043793,-0.006920,0.025456
11.048793,-0.023107,0.014417
11.053793,-0.022049,0.008515
11.058793,-0.021506,0.006186
11.063793,-0.025548,0.015093
11.068793,-0.016236,0.014075
11.073793,-0.018027,0.004904
11.078793,-0.013942,0.015048
11.083793,-0.010245,0.019601
11.088793,-0.019283,0.011692
11.093793,-0.011744,0.013166
11.098793,-0.010941,0.014831
11.103793,-0.020108,0.015819
11.108793,-0.013864,0.018648
11.113793,-0.019026,0.010474
11.118793,-0.018211,0.014691
11.123793,-0.002004,0.020229
11.128793,-0.010029,0.009076
11.133793,-0.006392,0.015509
11.138793,0.006273,0.024994
11.143793,-0.002996,0.015549
11.148793,0.003264,0.012823
11.153793,0.005950,0.017120
11.158793,-0.004829,0.016418
11.163793,0.002455,0.016458
11.168793,0.001325,0.017110
11.173793,-0.002505,0.016792
11.178793,0.009240,0.016723
11.183793,0.003188,0.014501
11.188793,-0.004162,0.011277
11.193793,0.002862,0.012525
11.198793,-0.003231,0.014272
11.203793,-0.009615,0.013872
11.208793,-0.004288,0.017246
11.213793,-0.005069,0.018629
11.218793,-0.007366,0.014989
11.223793,-0.004049,0.021305
11.228793,-0.006719,0.025043
11.233793,-0.012692,0.018409
11.238793,-0.007981,0.022010
11.243793,-0.005000,0.022529
11.248793,-0.015059,0.011960
11.253793,-0.013467,0.021681
11.258793,-0.010349,0.035185
11.263793,-0.023063,0.031595
11.268793,-0.021807,0.027500
11.273793,-0.011536,0.035526
11.278793,-0.010830,0.028685
11.283793,-0.020172,0.003374
11.288793,-0.018194,0.005362
11.293793,-0.005455,0.010237
11.298793,-0.013317,-0.003477
11.303793,-0.010973,-0.003922
11.308793,0.004078,0.009161
11.313793,-0.000267,0.002174
11.318793,-0.008174,-0.015759
11.323793,0.000817,-0.011842
11.328793,0.012570,-0.004520
11.333793,0.009172,-0.015518
11.338793,0.003115,-0.025573
11.343793,0.007645,-0.017602
11.348793,0.013664,-0.004987
11.353793,0.010542,-0.009933
11.358793,0.007019,-0.033335
11.363793,0.014807,-0.035794
11.368793,0.028995,-0.015523
11.373793,0.035457,0.007437
11.378793,0.024753,0.019357
11.383793,0.005294,0.008861
11.388793,0.015507,0.013580
11.393793,0.035635,0.021995
11.398793,0.017775,0.015273
11.403793,-0.008132,0.009228
11.408793,-0.021139,0.013124
11.413793,-0.014759,0.017757
11.418793,-0.005993,0.023948
11.423793,-0.014875,0.019351
11.428793,-0.027739,0.012341
11.433793,-0.020894,0.014894
11.438793,-0.004040,0.021871
11.443793,-0.002678,0.019688
11.448793,-0.030152,0.003191
11.453793,-0.049447,-0.002366
11.458793,-0.034327,0.008404
11.463793,-0.021791,0.011261
11.468793,-0.033535,0.005412
11.473793,-0.041324,0.003973
11.478793,-0.034129,0.007377
11.483793,-0.022595,0.006810
11.488793,-0.023752,-0.007437
11.493793,-0.030304,-0.012086
11.498793,-0.022712,-0.003582
11.503793,-0.016839,0.001453
11.508793,-0.018344,0.003141
11.513793,-0.019708,-0.000617
11.518793,-0.017786,-0.006681
11.523793,-0.002647,-0.002218
11.528793,0.008214,-0.004764
11.533793,0.001800,-0.012945
11.538793,0.010032,-0.002665
11.543793,0.020657,0.011586
11.548793,0.013637,0.010717
11.553793,0.005820,0.014107
11.558793,0.012813,0.027635
11.563793,0.017900,0.029268
11.568793,0.007411,0.002529
11.573793,0.008104,-0.010669
11.578793,0.028903,0.004263
11.583793,0.028762,0.001387
11.588793,0.015866,-0.006015
11.593793,0.021271,-0.005040
11.598793,0.023990,-0.003866
11.603793,0.018277,-0.000177
11.608793,0.014840,0.008631
11.613793,0.013948,0.022011
11.618793,0.003349,0.017422
11.623793,-0.010004,0.004760
11.628793,0.004709,0.020672
11.633793,0.012883,0.025215
11.638793,-0.012255,0.007250
11.643793,-0.014513,0.006102
11.648793,-0.009428,0.012298
11.653793,-0.020460,0.002834
11.658793,-0.018157,0.006861
11.663793,-0.014306,0.020754
11.668793,-0.024642,0.001934
11.673793,-0.026179,0.000663
11.678793,-0.010018,0.026755
11.683793,-0.024364,0.013710
11.688793,-0.043288,0.001643
11.693793,-0.024156,0.010352
11.698793,-0.026209,-0.004352
11.703793,-0.028886,-0.008382
11.708793,-0.013695,0.001242
11.713793,-0.024714,-0.009497
11.718793,-0.015678,-0.002888
11.723793,0.009666,0.012436
11.728793,-0.004865,0.002482
11.733793,-0.011385,0.008875
11.738793,-0.004352,0.020071
11.743793,-0.016020,0.002716
11.748793,-0.005697,0.007851
11.753793,0.001798,0.010810
11.758793,-0.010424,0.011826
11.763793,0.007767,0.025712
11.768793,0.007475,0.020287
11.773793,0.005381,0.017270
11.778793,0.019906,-0.003901
11.783793,0.005297,-0.023644
11.788793,0.023749,-0.007070
11.793793,0.033536,-0.006548
11.798793,0.006231,-0.015993
11.803793,0.014685,-0.015119
11.808793,0.011675,-0.016166
11.813793,0.009436,-0.009454
11.818793,0.018971,-0.013465
11.823793,0.010379,-0.017296
11.828793,0.018820,-0.013744
11.833793,0.009466,-0.018110
11.838793,0.006000,-0.007873
11.843793,0.019240,-0.009953
11.848793,0.006383,-0.017897
11.853793,0.007615,-0.011613
11.858793,0.002353,-0.012115
11.863793,0.001238,-0.008297
11.868793,0.003289,-0.018168
11.873793,-0.012335,-0.022731
11.878793,-0.003414,-0.017231
11.883793,-0.005715,-0.021801
11.888793,-0.002577,-0.010048
11.893793,0.002118,-0.003983
11.898793,-0.011579,-0.000230
11.903793,-0.017345,0.007528
11.908793,-0.024362,0.005997
11.913793,-0.021428,-0.003541
11.918793,-0.023869,-0.016645
11.923793,-0.015230,-0.017482
11.928793,-0.015427,-0.020907
11.933793,-0.012975,-0.008531
11.938793,-0.001911,0.000037
11.943793,-0.016054,0.004409
11.948793,-0.007889,0.007910
11.953793,-0.011691,0.001932
11.958793,-0.011694,0.000862
11.963793,-0.006169,0.005598
11.968793,-0.005532,0.013325
11.973793,-0.004213,0.011413
11.978793,-0.003956,0.009302
11.983793,0.005395,0.013131
11.988793,0.006371,0.016194
11.993793,0.003187,0.013815
11.998793,-0.004654,0.013696
12.003793,0.002790,0.003518
12.008793,0.004996,-0.008360
12.013793,0.005433,-0.012414
12.018793,0.007515,-0.006623
12.023793,0.015215,-0.008161
12.028793,0.020461,-0.010053
12.033793,0.026602,-0.001485
12.038793,0.022108,-0.000933
12.043793,0.008168,0.001946
12.048793,0.013702,0.006413
12.053793,0.008599,0.008072
12.058793,0.003882,0.008744
12.063793,-0.000903,0.017820
12.068793,-0.007609,0.016003
12.073793,-0.011183,0.014206
12.078793,0.001005,0.012423
12.083793,-0.004152,0.003475
12.088793,-0.008437,0.004481
12.093793,-0.000167,0.004964
12.098793,-0.000928,-0.005122
12.103793,-0.002401,-0.008438
12.108793,-0.007328,0.002273
12.113793,-0.013354,0.006189
12.118793,-0.017734,0.005855
12.123793,-0.018295,0.002353
12.128793,-0.021341,0.009099
12.133793,-0.017071,0.015919
12.138793,-0.023315,0.016031
12.143793,-0.023037,0.013517
12.148793,-0.018925,0.012840
12.153793,-0.016795,0.009896
12.158793,-0.021063,0.004133
12.163793,-0.018073,0.000849
12.168793,-0.009619,-0.000308
12.173793,-0.004084,-0.001434
12.178793,-0.000965,-0.003067
12.183793,0.002476,-0.001815
12.188793,0.006750,0.000125
12.193793,0.006819,0.004086
12.198793,0.008596,0.007570
12.203793,0.005216,0.011660
12.208793,0.004162,0.010635
12.213793,-0.001172,0.012248
12.218793,0.002862,0.009382
12.223793,0.003149,0.009123
12.228793,0.002011,0.007689
12.233793,-0.002003,0.004232
12.238793,0.005328,0.006695
12.243793,0.006778,0.006893
12.248793,0.003938,0.000136
12.253793,0.007029,-0.000264
12.258793,0.009770,0.003194
12.263793,0.011619,0.002918
12.268793,0.010410,0.005367
12.273793,0.010086,0.003682
12.278793,0.002167,0.006517
12.283793,-0.000319,0.009215
12.288793,-0.009770,0.010890
12.293793,-0.009046,0.010723
12.298793,-0.008653,0.009460
12.303793,-0.008253,0.006233
12.308793,-0.007565,0.003804
12.313793,-0.001575,0.008396
12.318793,0.003146,0.009721
12.323793,-0.003848,0.017150
12.328793,-0.004876,0.020640
12.333793,-0.013579,0.018959
12.338793,-0.015313,0.016443
12.343793,-0.023178,0.007806
12.348793,-0.022807,0.003943
12.353793,-0.017885,0.004943
12.358793,-0.014494,0.007436
12.363793,-0.010807,0.010591
12.368793,-0.012920,0.015993
12.373793,-0.013812,0.016488
12.378793,-0.023116,0.007356
12.383793,-0.016403,-0.000687
12.388793,-0.009657,-0.004497
12.393793,-0.004943,0.003056
12.398793,-0.001184,0.014606
12.403793,-0.006790,0.020538
12.408793,-0.003019,0.014623
12.413793,-0.006492,0.004252
12.418793,0.001592,0.008889
12.423793,0.010984,0.018415
12.428793,0.007919,0.024848
12.433793,0.006986,0.025025
12.438793,-0.002364,0.011658
12.443793,0.001608,0.007704
12.448793,0.008322,0.012808
12.453793,0.006702,0.019771
12.458793,0.008663,0.015847
12.463793,-0.001162,0.000559
12.468793,0.002676,0.007663
12.473793,0.012899,0.022490
12.478793,0.005910,0.021609
12.483793,-0.000180,0.011929
12.488793,-0.005821,0.003413
12.493793,-0.001229,0.015061
12.498793,0.006647,0.022691
12.503793,-0.007776,0.009277
12.508793,-0.007568,0.013142
12.513793,0.005429,0.025002
12.518793,-0.004518,0.020364
12.523793,-0.006813,0.020077
12.528793,-0.001514,0.022220
12.533793,-0.010699,0.023092
